<document>
  <category name="%{BKY_CATLOGIC}" colour="%{BKY_LOGIC_HUE}">
      <block type="controls_if"></block>
      <block type="logic_compare"></block>
      <block type="logic_operation"></block>
      <block type="logic_negate"></block>
      <block type="logic_boolean"></block>
      <block type="logic_null"></block>
      <block type="logic_ternary"></block>
    </category>
    <category name="%{BKY_CATLOOPS}" colour="%{BKY_LOOPS_HUE}">
      <block type="controls_repeat_ext">
        <value name="TIMES">
          <shadow type="math_number">
            <field name="NUM">10</field>
          </shadow>
        </value>
      </block>
      <block type="controls_whileUntil"></block>
      <block type="controls_for">
        <value name="FROM">
          <shadow type="math_number">
            <field name="NUM">1</field>
          </shadow>
        </value>
        <value name="TO">
          <shadow type="math_number">
            <field name="NUM">10</field>
          </shadow>
        </value>
        <value name="BY">
          <shadow type="math_number">
            <field name="NUM">1</field>
          </shadow>
        </value>
      </block>
      <block type="controls_forEach"></block>
      <block type="controls_flow_statements"></block>
    </category>
    <category name="%{BKY_CATMATH}" colour="%{BKY_MATH_HUE}">
      <block type="math_number">
        <field name="NUM">123</field>
      </block>
      <block type="math_arithmetic">
        <value name="A">
          <shadow type="math_number">
            <field name="NUM">1</field>
          </shadow>
        </value>
        <value name="B">
          <shadow type="math_number">
            <field name="NUM">1</field>
          </shadow>
        </value>
      </block>
      <block type="math_single">
        <value name="NUM">
          <shadow type="math_number">
            <field name="NUM">9</field>
          </shadow>
        </value>
      </block>
      <block type="math_trig">
        <value name="NUM">
          <shadow type="math_number">
            <field name="NUM">45</field>
          </shadow>
        </value>
      </block>
      <block type="math_constant"></block>
      <block type="math_number_property">
        <value name="NUMBER_TO_CHECK">
          <shadow type="math_number">
            <field name="NUM">0</field>
          </shadow>
        </value>
      </block>
      <block type="math_round">
        <value name="NUM">
          <shadow type="math_number">
            <field name="NUM">3.1</field>
          </shadow>
        </value>
      </block>
      <block type="math_on_list"></block>
      <block type="math_modulo">
        <value name="DIVIDEND">
          <shadow type="math_number">
            <field name="NUM">64</field>
          </shadow>
        </value>
        <value name="DIVISOR">
          <shadow type="math_number">
            <field name="NUM">10</field>
          </shadow>
        </value>
      </block>
      <block type="math_constrain">
        <value name="VALUE">
          <shadow type="math_number">
            <field name="NUM">50</field>
          </shadow>
        </value>
        <value name="LOW">
          <shadow type="math_number">
            <field name="NUM">1</field>
          </shadow>
        </value>
        <value name="HIGH">
          <shadow type="math_number">
            <field name="NUM">100</field>
          </shadow>
        </value>
      </block>
      <block type="math_random_int">
        <value name="FROM">
          <shadow type="math_number">
            <field name="NUM">1</field>
          </shadow>
        </value>
        <value name="TO">
          <shadow type="math_number">
            <field name="NUM">100</field>
          </shadow>
        </value>
      </block>
      <block type="math_random_float"></block>
      <block type="var_to_int">  
        <field name="VAR">to int</field>
      </block>
    </category>
    <category name="%{BKY_CATTEXT}" colour="%{BKY_TEXTS_HUE}">
      <block type="text"></block>
      <block type="text_join"></block>
      <block type="text_append">
        <value name="TEXT">
          <shadow type="text"></shadow>
        </value>
      </block>
      <block type="text_length">
        <value name="VALUE">
          <shadow type="text">
            <field name="TEXT">abc</field>
          </shadow>
        </value>
      </block>
      <block type="text_isEmpty">
        <value name="VALUE">
          <shadow type="text">
            <field name="TEXT"></field>
          </shadow>
        </value>
      </block>
      <block type="text_indexOf">
        <value name="VALUE">
          <block type="variables_get">
            <field name="VAR">{textVariable}</field>
          </block>
        </value>
        <value name="FIND">
          <shadow type="text">
            <field name="TEXT">abc</field>
          </shadow>
        </value>
      </block>
      <block type="text_charAt">
        <value name="VALUE">
          <block type="variables_get">
            <field name="VAR">{textVariable}</field>
          </block>
        </value>
      </block>
      <block type="text_getSubstring">
        <value name="STRING">
          <block type="variables_get">
            <field name="VAR">{textVariable}</field>
          </block>
        </value>
      </block>
      <block type="text_changeCase">
        <value name="TEXT">
          <shadow type="text">
            <field name="TEXT">abc</field>
          </shadow>
        </value>
      </block>
      <block type="text_trim">
        <value name="TEXT">
          <shadow type="text">
            <field name="TEXT">abc</field>
          </shadow>
        </value>
      </block>
      <block type="text_print">
        <value name="TEXT">
          <shadow type="text">
            <field name="TEXT">abc</field>
          </shadow>
        </value>
      </block>
      <block type="text_prompt_ext">
        <value name="TEXT">
          <shadow type="text">
            <field name="TEXT">abc</field>
          </shadow>
        </value>
      </block>
      <block type="text_to_str">  
        <field name="VAR">to str</field>
      </block>
    </category>
    <category name="%{BKY_CATLISTS}" colour="%{BKY_LISTS_HUE}">
      <block type="lists_create_with">
        <mutation items="0"></mutation>
      </block>
      <block type="lists_create_with"></block>
      <block type="lists_repeat">
        <value name="NUM">
          <shadow type="math_number">
            <field name="NUM">5</field>
          </shadow>
        </value>
      </block>
      <block type="lists_length"></block>
      <block type="lists_isEmpty"></block>
      <block type="lists_indexOf">
        <value name="VALUE">
          <block type="variables_get">
            <field name="VAR">{listVariable}</field>
          </block>
        </value>
      </block>
      <block type="lists_getIndex">
        <value name="VALUE">
          <block type="variables_get">
            <field name="VAR">{listVariable}</field>
          </block>
        </value>
      </block>
      <block type="lists_setIndex">
        <value name="LIST">
          <block type="variables_get">
            <field name="VAR">{listVariable}</field>
          </block>
        </value>
      </block>
      <block type="lists_getSublist">
        <value name="LIST">
          <block type="variables_get">
            <field name="VAR">{listVariable}</field>
          </block>
        </value>
      </block>
      <block type="lists_split">
        <value name="DELIM">
          <shadow type="text">
            <field name="TEXT">,</field>
          </shadow>
        </value>
      </block>
      <block type="lists_sort"></block>
    </category>

    <sep></sep>
    <category name="%{BKY_CATVARIABLES}" colour="%{BKY_VARIABLES_HUE}" custom="VARIABLE"></category>
    <category name="%{BKY_CATFUNCTIONS}" colour="%{BKY_PROCEDURES_HUE}" custom="PROCEDURE"></category>

    <sep></sep>
   <category name="BIPES">
    <block type="project_metadata">
      <value name="project_author">
        <shadow type="text">
          <field name="TEXT"></field>
        </shadow>
      </value>
      <value name="project_iot_id">
        <shadow type="math_number">
          <field name="NUM"></field>
        </shadow>
      </value>
      <value name="project_description">
        <shadow type="text">
          <field name="TEXT"></field>
        </shadow>
      </value>
    </block>

    <block type="bipes_plot">
    </block>
    <block type="localstorage_store">
      <value name="ADD0">
        <shadow type="utime.vars">
          <field name="VARS">ticks_ms</field>
        </shadow>
      </value>
    </block>

   </category>
    <sep></sep>
    <!--
    <category name="Python" colour="%{BKY_LOGIC_HUE}">
    <category name="Machine" colour="%{BKY_VARIABLES_HUE}">
    -->

  <category name="Python">

      <label text="Python"></label>
<block type="try_catch"></block>

    <block type="exec_python">
  <value name="command">
        <shadow type="text">
          <field name="TEXT"></field>
        </shadow>
      </value>

    
    </block>

    <block type="exec_python_output">
      <field name="EXEC_PYTHON_OUTPUT">Execute Python custom with output</field>
  <value name="commnad">
        <shadow type="text">
          <field name="TEXT"></field>
        </shadow>
      </value>
    </block>

  <block type="inter_init">
      <value name="Nome">
        <shadow type="text">
          <field name="TEXT"></field>
        </shadow>
      </value>
      <value name="Função">
        <shadow type="text">
          <field name="TEXT"></field>
        </shadow>
      </value>
      <value name="pin">
        <shadow type="pinout">
          <field name="PIN"></field>
        </shadow>
      </value>
    </block>
  </category>


  <category name="%{BKY_CAT_TIMING}">
	  <label text="%{BKY_CAT_TIMING}"></label>
    <block type="delay">
      <value name="TIME">
        <shadow type="math_number">
          <field name="NUM">1</field>
        </shadow>
      </value>
    </block>
    <block type="utime.vars"></block>
    <block type="utime.ticks_add">
       <value name="TIME1">
        <shadow type="utime.vars"></shadow>
      </value>
      <value name="TIME2">
      <shadow type="math_number">
        <field name="NUM">100</field>
      </shadow>
      </value>
    </block>
    <block type="utime.ticks_diff"></block>
    <block type="esp32_set_rtc"></block>
    <block type="esp32_get_rtc"></block>
    <block type="timer"></block>
    <block type="utime.deadline">
      <value name="TIME">
      <shadow type="math_number">
        <field name="NUM">100</field>
      </shadow>
      </value>
    </block>
    <block type="stop_timer">
       <value name="timerNumber">
        <shadow type="math_number">
          <field name="NUM">0</field>
        </shadow>
      </value>
    </block>
    <block type="deep_sleep8266">
     <value name="interval">
        <shadow type="math_number">
          <field name="NUM">60</field>
        </shadow>
      </value>
    </block>
  </category>

  <category name="%{BKY_CAT_MACHINE}">
      <label text="%{BKY_CAT_MACHINE}"></label>
      <category name="CPU">
      <label text="ESP32 CPU"></label>

    <block type="get_freq"></block>
    <block type="set_freq">
     <value name="freq">
        <shadow type="math_number">
          <field name="NUM">160000000</field>
        </shadow>
      </value>
    </block>

    <block type="reset"></block>
    <block type="machine_unique_id"></block>
    <block type="machine_reset_cause"></block>
    <block type="reset_cause_soft"></block>
    <block type="reset_cause_hard"></block>
    <block type="reset_cause_wdt"></block>
    <block type="reset_cause_deep"></block>
      </category>
    
      <category name="In/Out Pins">
      <label text="In/Out Pins"></label>
    <block type="pinout"></block>
    <block type="gpio_set">
      <value name="pin">
        <shadow type="pinout">
          <field name="PIN"></field>
        </shadow>
      </value>
      <value name="value">
        <shadow type="logic_boolean">
          <field name="BOOL"></field>
        </shadow>
      </value>
    </block>

    <block type="gpio_get">
      <value name="pin">
        <shadow type="pinout">
          <field name="PIN"></field>
        </shadow>
      </value>
      <value name="pullup">
        <shadow type="logic_boolean">
          <field name="BOOL"></field>
        </shadow>
      </value>
    </block>
    <block type="pinout"></block>

    <block type="esp32_adc">
     <value name="pin">
        <shadow type="pinout">
          <field name="PIN"></field>
        </shadow>
      </value>
    </block>

    <block type="pwm">
      <value name="pin">
        <shadow type="pinout">
          <field name="PIN"></field>
        </shadow>
      </value>
      <value name="frequency">
        <shadow type="math_number">
          <field name="NUM">1000</field>
        </shadow>
      </value>
      <value name="duty">
        <shadow type="math_number">
          <field name="NUM">50</field>
        </shadow>
      </value>
    </block>

    <block type="pwm.freq">
      <value name="frequency">
        <shadow type="math_number">
          <field name="NUM">1000</field>
        </shadow>
      </value>
    </block>

    <block type="pwm.duty">
      <value name="duty">
        <shadow type="math_number">
          <field name="NUM">50</field>
        </shadow>
      </value>
    </block>

    <block type="pwm.init">
      <value name="pin">
        <shadow type="pinout">
          <field name="PIN"></field>
        </shadow>
      </value>
    </block>

    <block type="pwm.deinit"></block>

    <block type="gpio_interrupt">
      <value name="pin">
        <shadow type="pinout">
          <field name="PIN"></field>
        </shadow>
      </value>
    </block>

  </category>
</category>


<category name="%{BKY_CAT_DISPLAYS}">

<category name="NeoPixel LED Strip">
      <label text="NeoPixel RGB LED Strip"></label>

        <button text="Documentation and how to connect: neopixel" callbackKey="loadDoc"></button>

      <block type="neopixel_init">
       <value name="pin">
          <shadow type="pinout">
            <field name="Pin"></field>
          </shadow>
       </value>

       <value name="number">
        <shadow type="math_number">
          <field name="NUM">8</field>
        </shadow>
       </value>
      </block>

      <block type="neopixel_color_numbers">
       <value name="red">
        <shadow type="math_number">
          <field name="NUM">50</field>
        </shadow>
       </value>
       <value name="green">
        <shadow type="math_number">
          <field name="NUM">152</field>
        </shadow>
       </value>
       <value name="blue">
        <shadow type="math_number">
          <field name="NUM">220</field>
        </shadow>
       </value>
      </block>

      <block type="neopixel_color_colors"></block>

      <block type="HSL_to_RGB">
        <value name="hue">
        <shadow type="math_number">
          <field name="NUM">204</field>
        </shadow>
        </value>
        <value name="saturation">
        <shadow type="math_number">
          <field name="NUM">70.8</field>
        </shadow>
        </value>
        <value name="lightness">
        <shadow type="math_number">
          <field name="NUM">52.9</field>
        </shadow>
        </value>
      </block>

      <block type="neopixel_control">
       <value name="address">
        <shadow type="math_number">
          <field name="NUM">0</field>
        </shadow>
       </value>

       <value name="color">
        <shadow type="neopixel_color_colors">
          <field name="PIN"></field>
        </shadow>
       </value>
      </block>

      <block type="neopixel_control">
       <value name="address">
        <shadow type="math_number">
          <field name="NUM">0</field>
        </shadow>
       </value>

       <value name="color">
        <block type="neopixel_color_numbers">
         <value name="red">
          <shadow type="math_number">
            <field name="NUM">0</field>
          </shadow>
         </value>
         <value name="green">
          <shadow type="math_number">
            <field name="NUM">0</field>
          </shadow>
         </value>
         <value name="blue">
          <shadow type="math_number">
            <field name="NUM">0</field>
          </shadow>
         </value>
        </block>
       </value>
      </block>

      <block type="neopixel_write"></block>
      

</category>



  <category name="Character display">
      <label text="PCF8574 Display controller"></label>

      <label text="Library: https://github.com/dhylands/python_lcd"></label>
      <button text="Install I2CLCD library" callbackKey="installPyLib"></button>
	<block type="char_lcd_init">
        <value name="scl">
          <shadow type="pinout">
            <field name="SCL"></field>
          </shadow>
        </value>

        <value name="sda">
          <shadow type="pinout">
            <field name="SDA"></field>
          </shadow>
        </value>
 
	 <value name="lines">
        <shadow type="math_number">
          <field name="NUM">4</field>
        </shadow>
      </value>

	 <value name="columns">
        <shadow type="math_number">
          <field name="NUM">20</field>
        </shadow>
      </value>



 
	</block>
	<block type="char_lcd_clear"></block>
	<block type="char_lcd_putstr"></block>
	<block type="char_lcd_moveto"></block>
	<block type="char_lcd_backlight"></block>
	<block type="char_lcd_display"></block>

  </category>

    <category name="ST7789 Display">
      <label text="ST7789 Display"></label>
      <label text="Library: https://github.com/devbis/st7789py_mpy"></label>
      <button text="Install st7789py library" callbackKey="installPyLib"></button>

      <block type="st7789_init">
        <value name="spi">
          <shadow type="math_number">
            <field name="NUM">1</field>
          </shadow>
        </value>

        <value name="bl">
          <shadow type="pinout">
            <field name="bl"></field>
          </shadow>
        </value>

        <value name="sck">
          <shadow type="pinout">
            <field name="sck"></field>
          </shadow>
        </value>

        <value name="mosi">
          <shadow type="pinout">
            <field name="mosi"></field>
          </shadow>
        </value>

        <value name="reset">
          <shadow type="pinout">
            <field name="reset"></field>
          </shadow>
        </value>

        <value name="cs">
          <shadow type="pinout">
            <field name="cs"></field>
          </shadow>
        </value>

        <value name="dc">
          <shadow type="pinout">
            <field name="dc"></field>
          </shadow>
        </value>
       </block>

       <block type="st7789_bl_power">
        <value name="val">
         <shadow type="math_number">
          <field name="NUM">50</field>
         </shadow>
        </value>
      </block>

      <block type="st7789_color_numbers">
       <value name="red">
        <shadow type="math_number">
          <field name="NUM">50</field>
        </shadow>
       </value>
       <value name="green">
        <shadow type="math_number">
          <field name="NUM">152</field>
        </shadow>
       </value>
       <value name="blue">
        <shadow type="math_number">
          <field name="NUM">220</field>
        </shadow>
       </value>
      </block>

      <block type="st7789_color_colors"></block>
 
       <block type="st7789_fill">
        <value name="r">
         <shadow type="math_number">
          <field name="NUM">40</field>
         </shadow>
        </value>
        <value name="g">
         <shadow type="math_number">
          <field name="NUM">40</field>
         </shadow>
        </value>
        <value name="b">
         <shadow type="math_number">
          <field name="NUM">1</field>
         </shadow>
        </value>
      </block>


    <block type="st7789_pixel">
      <value name="x">
        <shadow type="math_number">
          <field name="NUM">40</field>
        </shadow>
      </value>
      <value name="y">
        <shadow type="math_number">
          <field name="NUM">40</field>
        </shadow>
      </value>
      <value name="color">
        <shadow type="math_number">
          <field name="NUM">1</field>
        </shadow>
      </value>
    </block>

    <block type="st7789_line">
      <value name="x0">
        <shadow type="math_number">
          <field name="NUM">40</field>
        </shadow>
      </value>
      <value name="x1">
        <shadow type="math_number">
          <field name="NUM">40</field>
        </shadow>
      </value>
      <value name="y0">
        <shadow type="math_number">
          <field name="NUM">40</field>
        </shadow>
      </value>
      <value name="y1">
        <shadow type="math_number">
          <field name="NUM">40</field>
        </shadow>
      </value>
      <value name="color">
        <shadow type="math_number">
          <field name="NUM">1</field>
        </shadow>
      </value>
    </block>
    </category>

    <category name="OLED Display">
      <label text="SSD1306 OLED I2C Display"></label>
      <button text="Install ssd1306 library" callbackKey="installPyLib"></button>

	    
      <block type="init_oled">
        <value name="i2c">
          <shadow type="math_number">
            <field name="NUM">1</field>
          </shadow>
        </value>
        <value name="scl">
          <shadow type="math_number">
            <field name="NUM">5</field>
          </shadow>
        </value>
        <value name="sda">
          <shadow type="math_number">
            <field name="NUM">4</field>
          </shadow>
        </value>
    </block>
    <block type="write_oled">

 <value name="x">
        <shadow type="math_number">
          <field name="NUM">40</field>
        </shadow>
      </value>

 <value name="y">
        <shadow type="math_number">
          <field name="NUM">40</field>
        </shadow>
      </value>

 <value name="text">
        <shadow type="text">
          <field name="TEXT">Hello</field>
        </shadow>
      </value>


    
    </block>
    <block type="show_oled"></block>
    <block type="clear_oled"></block>
    <block type="fill_oled"></block>

      <block type="init_tank">
        <value name="tankXpos">
          <shadow type="math_number">
            <field name="NUM">64</field>
          </shadow>
        </value>
        <value name="tankYpos">
          <shadow type="math_number">
            <field name="NUM">32</field>
          </shadow>
        </value>
        <value name="tankAngle">
          <shadow type="math_number">
            <field name="NUM">90</field>
          </shadow>
        </value>
    </block>
	    
      <block type="tank_move"></block>



      <block type="tank_turn">
        <value name="turn">
          <shadow type="math_number">
            <field name="NUM">0</field>
          </shadow>
        </value>
    </block>



    </category>

  <category name="LED Matrix">
      <label text="TM1640 LED Matrix"></label>
      <label text="Library: https://github.com/mcauser/micropython-tm1640"></label>
        <button text="Install tm1640 library" callbackKey="installPyLib"></button>
        <button text="Load example: tm1640" callbackKey="loadExample"></button>
        <button text="Documentation and how to connect: tm1640" callbackKey="loadDoc"></button>

    <block type="tm1640_init">

 <value name="clk">
        <shadow type="math_number">
          <field name="NUM">14</field>
        </shadow>
      </value>

 <value name="dio">
        <shadow type="math_number">
          <field name="NUM">13</field>
        </shadow>
      </value>


      </block>

    <block type="tm1640_write">
  <value name="vector">
        <shadow type="text">
          <field name="TEXT">1, 2, 4, 8, 16, 32, 64, 128</field>
        </shadow>
      </value>
    </block>

    <block type="tm1640_brig">
    <value name="brig">
        <shadow type="math_number">
          <field name="NUM">7</field>
        </shadow>
      </value>

    </block>


    <block type="tm1640_num">
    <value name="num">
        <shadow type="math_number">
          <field name="NUM">0</field>
        </shadow>
      </value>
    </block>

    <block type="tm1640_custom">
                    <field name="A0">FALSE</field>
                    <field name="A1">FALSE</field>
                    <field name="A2">FALSE</field>
                    <field name="A3">FALSE</field>
                    <field name="A4">FALSE</field>
                    <field name="A5">FALSE</field>
                    <field name="A6">FALSE</field>
                    <field name="A7">FALSE</field>
                    <field name="B0">FALSE</field>
                    <field name="B1">FALSE</field>
                    <field name="B2">FALSE</field>
                    <field name="B3">FALSE</field>
                    <field name="B4">FALSE</field>
                    <field name="B5">FALSE</field>
                    <field name="B6">FALSE</field>
                    <field name="B7">FALSE</field>
                    <field name="C0">FALSE</field>
                    <field name="C1">FALSE</field>
                    <field name="C2">FALSE</field>
                    <field name="C3">FALSE</field>
                    <field name="C4">FALSE</field>
                    <field name="C5">FALSE</field>
                    <field name="C6">FALSE</field>
                    <field name="C7">FALSE</field>
                    <field name="D0">FALSE</field>
                    <field name="D1">FALSE</field>
                    <field name="D2">FALSE</field>
                    <field name="D3">FALSE</field>
                    <field name="D4">FALSE</field>
                    <field name="D5">FALSE</field>
                    <field name="D6">FALSE</field>
                    <field name="D7">FALSE</field>
                    <field name="E0">FALSE</field>
                    <field name="E1">FALSE</field>
                    <field name="E2">FALSE</field>
                    <field name="E3">FALSE</field>
                    <field name="E4">FALSE</field>
                    <field name="E5">FALSE</field>
                    <field name="E6">FALSE</field>
                    <field name="E7">FALSE</field>
                    <field name="F0">FALSE</field>
                    <field name="F1">FALSE</field>
                    <field name="F2">FALSE</field>
                    <field name="F3">FALSE</field>
                    <field name="F4">FALSE</field>
                    <field name="F5">FALSE</field>
                    <field name="F6">FALSE</field>
                    <field name="F7">FALSE</field>
                    <field name="G0">FALSE</field>
                    <field name="G1">FALSE</field>
                    <field name="G2">FALSE</field>
                    <field name="G3">FALSE</field>
                    <field name="G4">FALSE</field>
                    <field name="G5">FALSE</field>
                    <field name="G6">FALSE</field>
                    <field name="G7">FALSE</field>
                    <field name="H0">FALSE</field>
                    <field name="H1">FALSE</field>
                    <field name="H2">FALSE</field>
                    <field name="H3">FALSE</field>
                    <field name="H4">FALSE</field>
                    <field name="H5">FALSE</field>
                    <field name="H6">FALSE</field>
                    <field name="H7">FALSE</field>
                </block>


  </category>




  </category>

  <category name="%{BKY_CAT_SENSORS}">
    <category name="DHT11/22 Sensor">
      <label text="DHT11/22 Temperature and Humidity Sensor"></label>
      <block type="dht_init">
        <field name="BLOCK_DHT_INIT">Start DHT11/22 sensor</field>
        <value name="pin">
          <shadow type="pinout">
            <field name="PIN"></field>
          </shadow>
        </value>
      </block>
      <block type="dht_measure"></block>
      <block type="dht_read_temp"></block>
      <block type="dht_read_humidity"></block>
    </category>
<!--Adicionando os blocos do Anenmômetro-->
    <category name="Anemômetro">
    <label text="Anenômetro"></label>
<!--Iniciar Anemômetro-->
    <block type="anemo_init">
        <value name="Função">
          <shadow type="text">
            <field name="TEXT"></field>
          </shadow>
        </value>
        <value name="pin">
          <shadow type="pinout">
            <field name="PIN"></field>
          </shadow>
        </value>
      </block>
<!--Parar Anemômetro-->
      <block type="anemo_stop">
        <value name="Função">
          <shadow type="text">
            <field name="TEXT"></field>
          </shadow>
        </value>
      </block>
  </category>
<!--Adicionando os blocos do Pluviômetro--> 
  <category name="Pluviômetro">
    <label text= "Pluviômetro"></label>
<!--Iniciar Pluviômetro-->
    <block type="pluvio_init">
        <value name="Função">
          <shadow type="text">
            <field name="TEXT"></field>
          </shadow>
        </value>
        <value name="pin">
          <shadow type="pinout">
            <field name="PIN"></field>
          </shadow>
        </value>
      </block>
<!--Parar Pluviômetro-->
      <block type="pluvio_stop">
        <value name="Função">
          <shadow type="text">
            <field name="TEXT"></field>
          </shadow>
        </value>
      </block>
  </category>

  <category name="%{BKY_CAT_ULTRASOUND}">
      <label text="HCSR04 ultrasound distance sensor"></label>
      <label text="Library: https://github.com/rsc1975/micropython-hcsr04"></label>
        <button text="Install HCSR04 library" callbackKey="installPyLib"></button>


      <block type="hcsr_init">
        <value name="echo">
          <shadow type="pinout">
            <field name="PIN"></field>
          </shadow>
        </value>
 <value name="trigger">
          <shadow type="pinout">
            <field name="PIN"></field>
          </shadow>
        </value>
  <value name="timeout">
          <shadow type="math_number">
            <field name="NUM">10000</field>
          </shadow>
        </value>
      </block>
      <block type="hcsr_read">
      </block>

  </category>

  <category name="GPS">
      <label text="Global Positioning System sensor"></label>
   <label text="Library: https://github.com/"></label>
        <button text="Install GPS library" callbackKey="installPyLib"></button>

	<block type="gps_init">
      </block>
	<block type="gps_update">
      </block>
	<block type="gps_get_lat">
      </block>
	<block type="gps_get_long">
      </block>
	<block type="gps_get_height">
      </block>
	<block type="gps_get_speed">
      </block>
	<block type="gps_get_datetime">
      </block>


  </category>

  <category name="Oximeter">
      <label text="MAX30100 pulse oximeter sensor"></label>
   <label text="Library: https://github.com/"></label>
        <button text="Install MAX30100 library" callbackKey="installPyLib"></button>

	<block type="max30100_init">
      </block>
	<block type="max30100_read">
      </block>
	<block type="max30100_red">
      </block>
	<block type="max30100_ir">
      </block>




  </category>

  <category name="Inertial Measurement">
      <label text="MPU6050 IMU"></label>
   <label text="Library: https://github.com/"></label>
        <button text="Install imu library (MPU6050)" callbackKey="installPyLib"></button>

        <button text="Load example: mpu6050" callbackKey="loadExample"></button>
        <button text="Documentation and how to connect: mpu6050" callbackKey="loadDoc"></button>



    <block type="init_mpu6050">

 <value name="scl">
        <shadow type="math_number">
          <field name="NUM">5</field>
        </shadow>
      </value>

 <value name="sda">
        <shadow type="math_number">
          <field name="NUM">4</field>
        </shadow>
      </value>

    </block>

    <block type="mpu6050_read_acc_x"> </block>
    <block type="mpu6050_read_acc_y"> </block>
    <block type="mpu6050_read_acc_z"> </block>

    <block type="mpu6050_read_gyro_x"> </block>
    <block type="mpu6050_read_gyro_y"> </block>
    <block type="mpu6050_read_gyro_z"> </block>


  </category>

      <category name="OneWire">
      <label text="OneWire"></label>

        <button text="Load example: ds1820" callbackKey="loadExample"></button>
        <button text="Documentation and how to connect: ds1820" callbackKey="loadDoc"></button>

      <block type="onewire_ds18x20_init">
        <value name="pin">
          <shadow type="pinout">
            <field name="PIN"></field>
          </shadow>
        </value>
      </block>
      <block type="onewire_ds18x20_scan"></block>
      <block type="onewire_ds18x20_convert"></block>
      <block type="onewire_ds18x20_read_temp">
	  <value name="rom">
          <shadow type="math_number">
            <field name="NUM">10000</field>
          </shadow>
        </value>
 
      </block>
      </category>


  <category name="RFID Reader">
      <label text="RC522 13.56MHz RFID Reader"></label>
      <label text="Library: https://github.com/wendlers/micropython-mfrc522"></label>
        <button text="Install mfrc522 library" callbackKey="installPyLib"></button>
        <button text="Load example: mfrc522" callbackKey="loadExample"></button>
        <button text="Documentation and how to connect: mfrc522" callbackKey="loadDoc"></button>

      <block type="rfid_rc522_init">
        <value name="sck">
          <shadow type="pinout">
            <field name="SCK"></field>
          </shadow>
        </value>
 
        <value name="mosi">
          <shadow type="pinout">
            <field name="MOSI"></field>
          </shadow>
        </value>

         <value name="miso">
          <shadow type="pinout">
            <field name="MISO"></field>
          </shadow>
        </value>
 
        <value name="rst">
          <shadow type="pinout">
            <field name="RST"></field>
          </shadow>
        </value>
 
        <value name="cs">
          <shadow type="pinout">
            <field name="RST"></field>
          </shadow>
        </value>

      </block>
      <block type="rfid_rc522_detect_card"></block>
      <block type="rfid_rc522_anticoll"></block>
      <block type="rfid_rc522_read_card"></block>
      <block type="rfid_rc522_write_card"></block>

  </category>


  <category name="Rotatory Encoder">
      <label text="Rotatory Incremental Encoder"></label>
        <button text="Load example: encoder" callbackKey="loadExample"></button>
        <button text="Documentation and how to connect: encoder" callbackKey="loadDoc"></button>

      <block type="encoder_init">
        <value name="p0">
          <shadow type="pinout">
            <field name="ch0"></field>
          </shadow>
        </value>
 
        <value name="p1">
          <shadow type="pinout">
            <field name="ch1"></field>
          </shadow>
        </value>

      </block>
      <block type="encoder_reset"></block>
      <block type="encoder_read"></block>
  </category>

  <category name="Camera (ESP32CAM)">
      <label text="OV2640 Camera on ESP32-CAM Board"></label>
        <button text="Load example: esp32cam" callbackKey="loadExample"></button>
      <label text="More info: https://rafaelaroca.wordpress.com/2021/07/15/esp32-camera-micropython-and-no-esptool/"></label>

      <block type="esp32_cam_init"> </block>
      <block type="esp32_cam_capture"> </block>
      <block type="esp32_cam_red_led"> </block>
      <block type="esp32_cam_white_led"> </block>
  </category>
  </category>

  <category name="%{BKY_CAT_OUTPUTS}">
    <category name="Relay">
      <label text="Relay"></label>
      <block type="relay_switch">
        <value name="pin">
          <shadow type="pinout">
            <field name="PIN"></field>
          </shadow>
        </value>
      </block>
    </category>

  <category name="RC Servo Motor">
      <label text="Hobby RC Servo Motor"></label>
    <block type="init_servo">
        <value name="pin">
          <shadow type="pinout">
            <field name="PIN"></field>
          </shadow>
        </value>
    </block>

    <block type="move_servo">
    <value name="angle">
        <shadow type="math_number">
          <field name="NUM">90</field>
        </shadow>
      </value>
    </block>
  </category>


  <category name="Stepper Motor">
      <label text="Stepper Motor"></label>
    <block type="stepper_init">
      <value name="p0">
        <shadow type="pinout">
          <field name="Pin0"></field>
        </shadow>
      </value>
      <value name="p1">
        <shadow type="pinout">
          <field name="Pin1"></field>
        </shadow>
      </value>
      <value name="p2">
        <shadow type="pinout">
          <field name="Pin2"></field>
        </shadow>
      </value>
      <value name="p3">
        <shadow type="pinout">
          <field name="Pin3"></field>
        </shadow>
      </value>
    </block>

    <block type="stepper_step">
     <value name="steps">
        <shadow type="math_number">
          <field name="NUM">1</field>
        </shadow>
      </value>
    </block>
  </category>

  <category name="DC Motor">
      <label text="DC Motor"></label>
    <block type="dc_motor_init">
      <value name="pwm">
        <shadow type="pinout">
          <field name="PWM"></field>
        </shadow>
      </value>
      <value name="dir1">
        <shadow type="pinout">
          <field name="Dir1"></field>
        </shadow>
      </value>
      <value name="dir2">
        <shadow type="pinout">
          <field name="Dir2"></field>
        </shadow>
      </value>

    </block>

    <block type="dc_motor_power">
     <value name="power">
        <shadow type="math_number">
          <field name="NUM">70</field>
        </shadow>
      </value>
    </block>

    <block type="dc_motor_direction">
     <value name="dir">
        <shadow type="math_number">
          <field name="NUM">1</field>
        </shadow>
      </value>
    </block>
_
    <block type="dc_motor_stop">
    </block>
  </category>

  <category name="Sounds">
        <label text="Sounds and RTTTL:"></label>
        <label text="Ring Tone Text Transfer Language (RTTTL) "></label>
        <label text="Library: "></label>
        <button text="Install rtttl library" callbackKey="installPyLib"></button>
        <button text="Install songs library" callbackKey="installPyLib"></button>
        <button text="Load example: songs" callbackKey="loadExample"></button>
        <button text="Documentation and how to connect: sound" callbackKey="loadDoc"></button>

    <block type="tone"> 
      <value name="pin">
        <shadow type="pinout">
          <field name="pin"></field>
        </shadow>
      </value>
     <value name="frequency">
        <shadow type="math_number">
          <field name="NUM">1200</field>
        </shadow>
      </value>
     <value name="duration">
        <shadow type="math_number">
          <field name="NUM">-1</field>
        </shadow>
      </value>
    </block>

    <block type="note"> 
      <value name="pin">
        <shadow type="pinout">
          <field name="pin"></field>
        </shadow>
      </value>
      <value name="note">
        <shadow type="tone_type">
          <field name="note"></field>
        </shadow>
      </value>
     <value name="duration">
        <shadow type="math_number">
          <field name="NUM">-1</field>
        </shadow>
      </value>
    </block>

    <block type="tone_type"> </block>

    <block type="rtttl_play"> 
      <value name="pin">
        <shadow type="pinout">
          <field name="pin"></field>
        </shadow>
      </value>
      <value name="song">
        <shadow type="text">
          <field name="TEXT">Super Mario - Main Theme</field>
        </shadow>
      </value>
    </block>

    <label text="Songs:"></label>
    <button text="Install songs library" callbackKey="installPyLib"></button>

    <block type="text"> <field name="TEXT">Super Mario - Main Theme</field> </block>
    <block type="text"> <field name="TEXT">Super Mario - Title Music</field> </block>
    <block type="text"> <field name="TEXT">SMBtheme</field> </block>
    <block type="text"> <field name="TEXT">SMBwater</field> </block>
    <block type="text"> <field name="TEXT">SMBunderground</field> </block>
    <block type="text"> <field name="TEXT">Picaxe</field> </block>
    <block type="text"> <field name="TEXT">Simpsons</field> </block>
    <block type="text"> <field name="TEXT">Indiana</field> </block>
    <block type="text"> <field name="TEXT">TakeOnMe</field> </block>
    <block type="text"> <field name="TEXT">Entertainer</field> </block>
    <block type="text"> <field name="TEXT">Muppets</field> </block>
    <block type="text"> <field name="TEXT">Xfiles</field> </block>
    <block type="text"> <field name="TEXT">Looney</field> </block>
    <block type="text"> <field name="TEXT">20thCenFox</field> </block>
    <block type="text"> <field name="TEXT">Bond</field> </block>
    <block type="text"> <field name="TEXT">MASH</field> </block>
    <block type="text"> <field name="TEXT">StarWars</field> </block>
    <block type="text"> <field name="TEXT">GoodBad</field> </block>
    <block type="text"> <field name="TEXT">TopGun</field> </block>
    <block type="text"> <field name="TEXT">A-Team</field> </block>
    <block type="text"> <field name="TEXT">Flintstones</field> </block>
    <block type="text"> <field name="TEXT">Jeopardy</field> </block>
    <block type="text"> <field name="TEXT">Gadget</field> </block>
    <block type="text"> <field name="TEXT">Smurfs</field> </block>
    <block type="text"> <field name="TEXT">MahnaMahna</field> </block>
    <block type="text"> <field name="TEXT">LeisureSuit</field> </block>
    <block type="text"> <field name="TEXT">MissionImp</field> </block>

  </category>

  </category>


  <category name="%{BKY_CAT_NET}">
    <block type="wifi_client_connect">
      <value name="wifi_client_essid">
        <shadow type="text">
          <field name="TEXT"></field>
        </shadow>
      </value>
      <value name="wifi_client_key">
        <shadow type="text">
          <field name="TEXT"></field>
        </shadow>
      </value>
    </block>
    <block type="net_ap_mode">
      <field name="NAME">Configure Access Point Mode</field>
      <value name="wifi_essid">
        <shadow type="text">
          <field name="TEXT"></field>
        </shadow>
      </value>
      <value name="wifi_key">
        <shadow type="text">
          <field name="TEXT"></field>
        </shadow>
      </value>
    </block>
    <block type="wifi_client_scan_networks">
    </block>
    <block type="net_ifconfig">
      <field name="NET_IFCONFIG">Wifi current IP</field>
    </block>

    <block type="net_wiznet5k_init">
    </block>
    <block type="net_wiznet5k_isconnected">
    </block>
    <block type="net_wiznet5k_regs">
    </block>
    <block type="net_wiznet5k_ifconfig">
    </block>

    <category name="HTTP Client">
      <label text="HTTP (web) Client"></label>
      <label text="GET Method"></label>

      <block type="net_get_request"></block>
    <block type="net_get_request">
	 <value name="URL">
	 <block type="text">
	 <field name="TEXT">http://</field>
         </block>
         </value>
    </block>
    <block type="http_get_status"></block>
    <block type="http_get_content"></block>

    <block type="variables_set" inline="false">
	    <field name="VAR">request</field>
            <value name="VALUE">
		    <block type="net_get_request">
			 <value name="URL">
			 <block type="text">
				<field name="TEXT">http://bipes.net.br/test.txt</field>
			 </block>
			 </value>
		    </block>
	    </value>
    </block>

    </category>


    <category name="EMAIL">
      <label text="Email sender using uMail"></label>
      <label text="Library: https://github.com/shawwwn/uMail"></label>
        <button text="Install umail library" callbackKey="installPyLib"></button>
        <button text="Documentation: uMail" callbackKey="loadDoc"></button>

      <block type="umail_init">
	  <value name="host">
          <shadow type="text">
            <field name="TEXT">smtp.gmail.com</field>
          </shadow>
        </value>
        <value name="port">
          <shadow type="math_number">
            <field name="NUM">587</field>
          </shadow>
        </value>
        <value name="username">
          <shadow type="text">
            <field name="TEXT">email@gmail.com</field>
          </shadow>
        </value>
        <value name="password">
          <shadow type="text">
            <field name="TEXT">gmail_password</field>
          </shadow>
        </value>
      </block>

      <block type="umail_send">
	  <value name="to">
          <shadow type="text">
            <field name="TEXT">email@email.com</field>
          </shadow>
        </value>
        <value name="subject">
          <shadow type="text">
            <field name="TEXT">Email from BIPES!</field>
          </shadow>
        </value>
        <value name="contents">
          <shadow type="text">
            <field name="TEXT">BIPES is nice!</field>
          </shadow>
        </value>
      </block>
    </category>


    <category name="EasyMQTT">
      <label text="IoT: EasyMQTT"></label>
      <block type="easymqtt_init">
      </block>
      <block type="easymqtt_publish_data">
        <value name="topic">
          <shadow type="text">
            <field name="TEXT"></field>
          </shadow>
        </value>
        <value name="data">
          <shadow type="math_number">
            <field name="NUM"></field>
          </shadow>
        </value>
      </block>
      <block type="easymqtt_subscribe">
        <value name="topic">
          <shadow type="text">
            <field name="TEXT"></field>
          </shadow>
        </value>
      </block>
      <block type="easymqtt_receive_data"></block>
      <block type="easymqtt_disconnect">
        <field name="BLOCK_EASYMQTT_DISCONNECT">EasyMQTT Stop</field>
      </block>
    </category>
  </category>
</document>
